spines,branch_third,condition,compartment,peak_voltage
20,1,WT,soma,3.47789155086965
20,1,WT,soma,3.6500007990117567
20,1,WT,soma,4.288715166716926
20,1,WT,soma,4.1963332667334114
20,1,WT,soma,4.5534266576819675
20,1,WT,soma,3.914062347029315
20,1,WT,soma,4.046428819873945
20,1,WT,soma,3.5708774684577307
20,1,WT,soma,4.0843584972820395
20,1,WT,soma,4.524559970168589
20,1,WT,soma,4.695737298995482
20,1,WT,soma,4.341655446638988
20,1,WT,soma,4.134606214911464
20,1,WT,soma,3.599020902606618
20,1,WT,soma,3.769062619349988
20,1,WT,soma,3.5116078242761546
20,1,WT,soma,3.7130545374038917
20,1,WT,soma,4.000941273076172
20,1,WT,soma,4.099752210899922
20,1,WT,soma,4.043925115176812
20,1,WT,soma,3.4649401984120303
20,1,WT,soma,4.052435912509665
20,1,WT,soma,3.294091575646341
20,1,WT,soma,3.3084405553053386
20,1,WT,soma,4.540438168502725
20,1,WT,soma,4.179117650715462
20,1,WT,soma,4.286273838344059
20,1,WT,soma,4.233515182430686
20,1,WT,soma,4.046766861190662
20,1,WT,soma,4.193210736579466
20,1,WT,soma,4.225319353630859
20,1,WT,soma,4.466988169465772
20,1,WT,soma,3.5383098736257637
20,1,WT,soma,3.721560575867315
20,1,WT,soma,3.5516351544321054
20,1,WT,soma,4.077793559204721
20,1,WT,soma,3.628541739199477
20,1,WT,soma,4.062462185968478
20,1,WT,soma,3.4370898083914128
20,1,WT,soma,3.7387933028403495
20,1,WT,soma,3.994737206080444
20,1,WT,soma,4.581021790007263
20,1,WT,soma,3.685588051070617
20,1,WT,soma,4.728776887277341
20,1,WT,soma,3.784504243497061
20,1,WT,soma,4.803509870886089
20,1,WT,soma,3.5569133842955267
20,1,WT,soma,3.8322894516009143
20,1,WT,soma,3.823157105375067
20,1,WT,soma,4.157903174757706
20,1,WT,dend,63.51705752297825
20,1,WT,dend,65.27735490021757
20,1,WT,dend,64.57442480224049
20,1,WT,dend,63.69233272689743
20,1,WT,dend,64.65845018144103
20,1,WT,dend,64.24201264738853
20,1,WT,dend,65.57164090390404
20,1,WT,dend,65.84853789722148
20,1,WT,dend,65.05267560592607
20,1,WT,dend,66.21503471111042
20,1,WT,dend,65.69861379512783
20,1,WT,dend,65.71483139212894
20,1,WT,dend,66.19150442024244
20,1,WT,dend,64.102059387446
20,1,WT,dend,63.796739585409256
20,1,WT,dend,64.62089045079567
20,1,WT,dend,65.08519896792271
20,1,WT,dend,65.44547169224292
20,1,WT,dend,64.39591505742527
20,1,WT,dend,64.8300242600208
20,1,WT,dend,65.31399376447357
20,1,WT,dend,65.25327267384613
20,1,WT,dend,63.4710628707386
20,1,WT,dend,63.576483787873705
20,1,WT,dend,66.51309609187228
20,1,WT,dend,63.436353453858786
20,1,WT,dend,66.42984361514519
20,1,WT,dend,64.37512115561243
20,1,WT,dend,65.01861735500678
20,1,WT,dend,65.65613547740689
20,1,WT,dend,66.25653710137802
20,1,WT,dend,65.6389943166015
20,1,WT,dend,63.966976854763686
20,1,WT,dend,64.83226564123031
20,1,WT,dend,62.859955925004215
20,1,WT,dend,65.12510161418787
20,1,WT,dend,64.63324394936546
20,1,WT,dend,65.57059024336183
20,1,WT,dend,64.42008236920216
20,1,WT,dend,65.79202506028747
20,1,WT,dend,64.99286535304165
20,1,WT,dend,65.13089151760602
20,1,WT,dend,65.34722688705978
20,1,WT,dend,65.9032225454916
20,1,WT,dend,63.65441462535208
20,1,WT,dend,63.3887445981265
20,1,WT,dend,63.72412602294661
20,1,WT,dend,65.90390781304374
20,1,WT,dend,65.27001906707731
20,1,WT,dend,65.5983775766832
20,1,plaque,soma,4.0011521851042815
20,1,plaque,soma,3.819484793317663
20,1,plaque,soma,3.677548219917398
20,1,plaque,soma,3.5785464073106468
20,1,plaque,soma,4.453250737335139
20,1,plaque,soma,4.014971699372211
20,1,plaque,soma,4.073898289534114
20,1,plaque,soma,3.8158185230611323
20,1,plaque,soma,4.215995918033542
20,1,plaque,soma,3.840851390434217
20,1,plaque,soma,4.084464076161204
20,1,plaque,soma,3.640897809053996
20,1,plaque,soma,4.110855612251278
20,1,plaque,soma,4.592545481747713
20,1,plaque,soma,3.786382062563476
20,1,plaque,soma,4.16521309684213
20,1,plaque,soma,4.210229636676026
20,1,plaque,soma,3.6814031951454567
20,1,plaque,soma,3.771169147745809
20,1,plaque,soma,3.201427733562909
20,1,plaque,soma,3.4779588014176213
20,1,plaque,soma,3.6926872508579933
20,1,plaque,soma,4.091863523796718
20,1,plaque,soma,3.543726650512056
20,1,plaque,soma,4.301588727310744
20,1,plaque,soma,4.734481209117476
20,1,plaque,soma,3.9282675534288884
20,1,plaque,soma,4.146635889918798
20,1,plaque,soma,4.487020045568002
20,1,plaque,soma,4.483498469631172
20,1,plaque,soma,3.320941811565106
20,1,plaque,soma,3.0887113676103084
20,1,plaque,soma,3.575909916213803
20,1,plaque,soma,4.688046901392141
20,1,plaque,soma,3.504586744543346
20,1,plaque,soma,3.2441154816759834
20,1,plaque,soma,3.848084982707398
20,1,plaque,soma,4.547253476248166
20,1,plaque,soma,3.4602034270903914
20,1,plaque,soma,3.9782501004024553
20,1,plaque,soma,3.971385647566578
20,1,plaque,soma,3.787326305828884
20,1,plaque,soma,4.091093676129454
20,1,plaque,soma,4.047657444397643
20,1,plaque,soma,4.464985236513492
20,1,plaque,soma,4.035664049498266
20,1,plaque,soma,3.5043366052197626
20,1,plaque,soma,3.8539092950821896
20,1,plaque,soma,4.222154854049542
20,1,plaque,soma,3.702700317597987
20,1,plaque,dend,64.89407138105145
20,1,plaque,dend,65.03762342415334
20,1,plaque,dend,64.60313013610579
20,1,plaque,dend,63.61297610893595
20,1,plaque,dend,63.953556420233895
20,1,plaque,dend,65.72581865907321
20,1,plaque,dend,66.50864866183291
20,1,plaque,dend,64.95755345964128
20,1,plaque,dend,64.6195663828014
20,1,plaque,dend,65.35361088838916
20,1,plaque,dend,63.09601493261289
20,1,plaque,dend,65.97265310571453
20,1,plaque,dend,63.92785772713099
20,1,plaque,dend,65.5666858165458
20,1,plaque,dend,65.5419972234563
20,1,plaque,dend,65.63642558783168
20,1,plaque,dend,66.02626393921126
20,1,plaque,dend,65.40413236086442
20,1,plaque,dend,65.55256636719785
20,1,plaque,dend,63.43051805246557
20,1,plaque,dend,65.32218682748271
20,1,plaque,dend,65.51565581129177
20,1,plaque,dend,65.91272180259554
20,1,plaque,dend,64.96839790735845
20,1,plaque,dend,65.56837423118391
20,1,plaque,dend,66.76936842359306
20,1,plaque,dend,62.77010023851404
20,1,plaque,dend,66.00148316945936
20,1,plaque,dend,65.0235326974527
20,1,plaque,dend,65.9573517335383
20,1,plaque,dend,64.43162790393366
20,1,plaque,dend,60.126710380972625
20,1,plaque,dend,65.94391856117534
20,1,plaque,dend,65.94262951889895
20,1,plaque,dend,65.16485072547529
20,1,plaque,dend,64.40844054412332
20,1,plaque,dend,60.15631344839251
20,1,plaque,dend,65.32306024771671
20,1,plaque,dend,63.233697712214315
20,1,plaque,dend,66.48366694335438
20,1,plaque,dend,64.07774253552378
20,1,plaque,dend,65.50906764285608
20,1,plaque,dend,65.03165534587576
20,1,plaque,dend,64.86008140418635
20,1,plaque,dend,64.84226331392036
20,1,plaque,dend,65.34151782217414
20,1,plaque,dend,62.942423652185674
20,1,plaque,dend,65.69830061077538
20,1,plaque,dend,64.30692496355921
20,1,plaque,dend,66.14537418026423
20,1,SAAeq,soma,4.2085258897601605
20,1,SAAeq,soma,4.108176437597898
20,1,SAAeq,soma,4.6810906298237995
20,1,SAAeq,soma,4.588503980268705
20,1,SAAeq,soma,4.421494199724208
20,1,SAAeq,soma,4.229095515190316
20,1,SAAeq,soma,4.435700106602837
20,1,SAAeq,soma,4.790996775022975
20,1,SAAeq,soma,4.428015205051921
20,1,SAAeq,soma,5.2961324609497
20,1,SAAeq,soma,4.5219756177698756
20,1,SAAeq,soma,4.914415831816704
20,1,SAAeq,soma,3.3934266353362617
20,1,SAAeq,soma,4.906479958492611
20,1,SAAeq,soma,4.842048429715689
20,1,SAAeq,soma,4.5114837008384185
20,1,SAAeq,soma,4.483309752883358
20,1,SAAeq,soma,3.9690942200366237
20,1,SAAeq,soma,4.54701083211561
20,1,SAAeq,soma,4.555839847866949
20,1,SAAeq,soma,4.671706198164053
20,1,SAAeq,soma,4.35634888088655
20,1,SAAeq,soma,4.361052470505292
20,1,SAAeq,soma,5.186389902647896
20,1,SAAeq,soma,4.106469174757173
20,1,SAAeq,soma,4.605805917162954
20,1,SAAeq,soma,4.538080715173059
20,1,SAAeq,soma,4.637454092189849
20,1,SAAeq,soma,4.3960427518962675
20,1,SAAeq,soma,4.1864512592376215
20,1,SAAeq,soma,4.222302266446391
20,1,SAAeq,soma,4.080070583127942
20,1,SAAeq,soma,5.007604138512491
20,1,SAAeq,soma,4.854300321346919
20,1,SAAeq,soma,4.407335653226667
20,1,SAAeq,soma,3.818653924099884
20,1,SAAeq,soma,5.053145905570503
20,1,SAAeq,soma,4.534891897777598
20,1,SAAeq,soma,4.780312325647934
20,1,SAAeq,soma,4.186673213411694
20,1,SAAeq,soma,5.780277026026475
20,1,SAAeq,soma,4.054817904771731
20,1,SAAeq,soma,4.663533124913059
20,1,SAAeq,soma,4.194069635102977
20,1,SAAeq,soma,3.4254888960653105
20,1,SAAeq,soma,4.017985670303965
20,1,SAAeq,soma,4.094825323779965
20,1,SAAeq,soma,4.105235035216502
20,1,SAAeq,soma,3.63794702606679
20,1,SAAeq,soma,4.596385453188944
20,1,SAAeq,dend,65.2626047531698
20,1,SAAeq,dend,65.8494373176947
20,1,SAAeq,dend,64.13214650618977
20,1,SAAeq,dend,67.56871432317244
20,1,SAAeq,dend,65.88938234886065
20,1,SAAeq,dend,65.35410185864856
20,1,SAAeq,dend,66.12766526580609
20,1,SAAeq,dend,67.407251108276
20,1,SAAeq,dend,65.59704470979665
20,1,SAAeq,dend,65.32438138950445
20,1,SAAeq,dend,65.89821733236127
20,1,SAAeq,dend,66.82042688618122
20,1,SAAeq,dend,62.05615751665576
20,1,SAAeq,dend,65.54181981887642
20,1,SAAeq,dend,66.47854651068661
20,1,SAAeq,dend,65.32452072994828
20,1,SAAeq,dend,67.32064227951992
20,1,SAAeq,dend,66.00408749299581
20,1,SAAeq,dend,66.7021635984456
20,1,SAAeq,dend,65.15395700169545
20,1,SAAeq,dend,66.77255186949328
20,1,SAAeq,dend,66.36632996510077
20,1,SAAeq,dend,66.75724979089026
20,1,SAAeq,dend,65.87315328615965
20,1,SAAeq,dend,64.79386240229687
20,1,SAAeq,dend,65.879356207508
20,1,SAAeq,dend,67.21764849127705
20,1,SAAeq,dend,66.97217394738132
20,1,SAAeq,dend,64.32410012245671
20,1,SAAeq,dend,65.76820467700139
20,1,SAAeq,dend,65.85158759751165
20,1,SAAeq,dend,64.17759640130461
20,1,SAAeq,dend,67.60141140990187
20,1,SAAeq,dend,66.3433375953113
20,1,SAAeq,dend,64.83337667699534
20,1,SAAeq,dend,65.94758574803538
20,1,SAAeq,dend,66.79444221441652
20,1,SAAeq,dend,66.77969873803823
20,1,SAAeq,dend,67.21657631682973
20,1,SAAeq,dend,64.74652807548186
20,1,SAAeq,dend,66.19827324217218
20,1,SAAeq,dend,66.23863682857994
20,1,SAAeq,dend,65.9374456961875
20,1,SAAeq,dend,64.98885498627851
20,1,SAAeq,dend,63.95762658165397
20,1,SAAeq,dend,64.55579136256904
20,1,SAAeq,dend,64.92068933207503
20,1,SAAeq,dend,66.6223221668505
20,1,SAAeq,dend,65.63355199603478
20,1,SAAeq,dend,66.26353823792329
20,1,SAAred,soma,4.26000647229295
20,1,SAAred,soma,3.843569176887435
20,1,SAAred,soma,4.405860388456794
20,1,SAAred,soma,4.331240900947137
20,1,SAAred,soma,4.2228262580402
20,1,SAAred,soma,3.987175612874651
20,1,SAAred,soma,4.088335314960837
20,1,SAAred,soma,3.665378542474272
20,1,SAAred,soma,3.598130266011381
20,1,SAAred,soma,4.764793802256854
20,1,SAAred,soma,4.453874417855957
20,1,SAAred,soma,4.287085892224944
20,1,SAAred,soma,3.7968540621995714
20,1,SAAred,soma,4.467819453214389
20,1,SAAred,soma,3.6210805509954653
20,1,SAAred,soma,4.482945596190781
20,1,SAAred,soma,3.7090003388659483
20,1,SAAred,soma,4.024663669925864
20,1,SAAred,soma,4.039354938188978
20,1,SAAred,soma,3.499728753364721
20,1,SAAred,soma,3.4801881563289427
20,1,SAAred,soma,3.730119300900398
20,1,SAAred,soma,4.035787432187227
20,1,SAAred,soma,4.038093521753218
20,1,SAAred,soma,3.524534335736945
20,1,SAAred,soma,3.9326243205993663
20,1,SAAred,soma,3.9102365951459817
20,1,SAAred,soma,3.590872355905148
20,1,SAAred,soma,3.556964161622453
20,1,SAAred,soma,3.7952920575593367
20,1,SAAred,soma,4.230437284692037
20,1,SAAred,soma,3.384033614333383
20,1,SAAred,soma,4.06611841187533
20,1,SAAred,soma,3.677519974962145
20,1,SAAred,soma,4.077772261771727
20,1,SAAred,soma,3.7358367962417915
20,1,SAAred,soma,3.9953294735351506
20,1,SAAred,soma,4.030036027771466
20,1,SAAred,soma,4.135149155651078
20,1,SAAred,soma,3.938867877021856
20,1,SAAred,soma,4.043377126478887
20,1,SAAred,soma,4.41399522660253
20,1,SAAred,soma,3.921505870806449
20,1,SAAred,soma,3.631278932209838
20,1,SAAred,soma,3.6704277687591116
20,1,SAAred,soma,4.050833288931187
20,1,SAAred,soma,4.222637931615893
20,1,SAAred,soma,3.3794372671984263
20,1,SAAred,soma,4.654983610616796
20,1,SAAred,soma,4.123746028520131
20,1,SAAred,dend,64.80966739122104
20,1,SAAred,dend,65.2171871066634
20,1,SAAred,dend,65.64584107863773
20,1,SAAred,dend,66.79336276884362
20,1,SAAred,dend,65.94237996114833
20,1,SAAred,dend,65.99571815751413
20,1,SAAred,dend,66.42431963920002
20,1,SAAred,dend,64.01375774007866
20,1,SAAred,dend,62.889659846554515
20,1,SAAred,dend,65.34063570579552
20,1,SAAred,dend,66.91075329324975
20,1,SAAred,dend,65.89169606114565
20,1,SAAred,dend,65.48836881406982
20,1,SAAred,dend,65.61967047687813
20,1,SAAred,dend,64.12206367786838
20,1,SAAred,dend,64.33728328398713
20,1,SAAred,dend,62.933840299076635
20,1,SAAred,dend,63.882019441294496
20,1,SAAred,dend,64.49590261995962
20,1,SAAred,dend,64.15880679427434
20,1,SAAred,dend,65.42758944607962
20,1,SAAred,dend,64.28708062256648
20,1,SAAred,dend,64.88132948794612
20,1,SAAred,dend,63.59801292704316
20,1,SAAred,dend,63.30970663877513
20,1,SAAred,dend,66.20209584009996
20,1,SAAred,dend,64.90766721682374
20,1,SAAred,dend,64.51126278334547
20,1,SAAred,dend,64.7504552979987
20,1,SAAred,dend,63.70463275722089
20,1,SAAred,dend,66.56297601704364
20,1,SAAred,dend,63.762072265981224
20,1,SAAred,dend,64.94206289592125
20,1,SAAred,dend,63.270281015009125
20,1,SAAred,dend,64.74501184025124
20,1,SAAred,dend,61.541079750835486
20,1,SAAred,dend,62.04446045905589
20,1,SAAred,dend,65.61788642251499
20,1,SAAred,dend,66.5518225910603
20,1,SAAred,dend,63.09280479981062
20,1,SAAred,dend,65.04390203308469
20,1,SAAred,dend,65.39224293695138
20,1,SAAred,dend,65.95420477935942
20,1,SAAred,dend,63.25063396576171
20,1,SAAred,dend,63.05762167543938
20,1,SAAred,dend,65.55562875467977
20,1,SAAred,dend,66.63538368509224
20,1,SAAred,dend,63.512598540040884
20,1,SAAred,dend,61.11916786754323
20,1,SAAred,dend,65.07024033346302
20,2,WT,soma,4.860992648616175
20,2,WT,soma,4.949962670070228
20,2,WT,soma,4.536551815689613
20,2,WT,soma,4.883879269207981
20,2,WT,soma,4.804680318380875
20,2,WT,soma,4.109659878739436
20,2,WT,soma,4.5306323905522845
20,2,WT,soma,4.322096773939023
20,2,WT,soma,4.499808165290325
20,2,WT,soma,5.128354643756339
20,2,WT,soma,5.035807296920893
20,2,WT,soma,4.996195974197221
20,2,WT,soma,4.383785701806431
20,2,WT,soma,4.016202203644347
20,2,WT,soma,4.067675493247627
20,2,WT,soma,5.222538491442748
20,2,WT,soma,4.264344375385534
20,2,WT,soma,4.570053536601819
20,2,WT,soma,4.495311588819874
20,2,WT,soma,4.596016965800963
20,2,WT,soma,4.7418809269590625
20,2,WT,soma,4.537945882076109
20,2,WT,soma,4.46534759568533
20,2,WT,soma,5.0317403926661015
20,2,WT,soma,4.664301423986316
20,2,WT,soma,4.184093050586036
20,2,WT,soma,4.485216280910976
20,2,WT,soma,5.2495612755148855
20,2,WT,soma,4.3672943481810265
20,2,WT,soma,4.629233625886457
20,2,WT,soma,4.220480303056348
20,2,WT,soma,5.177570502699332
20,2,WT,soma,3.6557836380981072
20,2,WT,soma,4.124871884916928
20,2,WT,soma,4.521548372214397
20,2,WT,soma,4.5863648812027975
20,2,WT,soma,4.649438487422927
20,2,WT,soma,4.347063846313979
20,2,WT,soma,4.101846941299129
20,2,WT,soma,5.7964161394224405
20,2,WT,soma,4.627508382711419
20,2,WT,soma,5.851990782297172
20,2,WT,soma,4.108013057772617
20,2,WT,soma,4.7797966699947665
20,2,WT,soma,4.8254671039158765
20,2,WT,soma,4.732970282962583
20,2,WT,soma,5.097928964880403
20,2,WT,soma,4.862562039084764
20,2,WT,soma,4.466445965589287
20,2,WT,soma,3.983311181513514
20,2,WT,dend,65.74471569709922
20,2,WT,dend,67.86187017245175
20,2,WT,dend,65.33107619770622
20,2,WT,dend,66.93897305763973
20,2,WT,dend,64.55821633961095
20,2,WT,dend,66.71544415152479
20,2,WT,dend,67.37156067599433
20,2,WT,dend,67.71281157140557
20,2,WT,dend,64.79001117892278
20,2,WT,dend,65.01265204644258
20,2,WT,dend,67.22165162180367
20,2,WT,dend,67.49822057052242
20,2,WT,dend,66.69791209541162
20,2,WT,dend,67.24273885807825
20,2,WT,dend,67.67258418018694
20,2,WT,dend,67.32447114550666
20,2,WT,dend,64.54902527680373
20,2,WT,dend,67.26210559256799
20,2,WT,dend,67.24605503209315
20,2,WT,dend,67.37093626365777
20,2,WT,dend,67.45762691784856
20,2,WT,dend,66.86381005387518
20,2,WT,dend,67.03424741727703
20,2,WT,dend,65.45235577379884
20,2,WT,dend,65.2866209590074
20,2,WT,dend,64.74571335987507
20,2,WT,dend,65.72431755107793
20,2,WT,dend,67.0989082010106
20,2,WT,dend,67.95883475945428
20,2,WT,dend,65.32610161974057
20,2,WT,dend,67.3328426418626
20,2,WT,dend,68.12157455098492
20,2,WT,dend,61.93083269869041
20,2,WT,dend,66.53008560084024
20,2,WT,dend,66.54582774101229
20,2,WT,dend,65.15579417393955
20,2,WT,dend,66.40462378431948
20,2,WT,dend,66.05975838805251
20,2,WT,dend,67.35705116565973
20,2,WT,dend,67.5301091827214
20,2,WT,dend,67.38511522384822
20,2,WT,dend,66.60700368993689
20,2,WT,dend,67.89828948060686
20,2,WT,dend,66.16906714985443
20,2,WT,dend,67.29511574234638
20,2,WT,dend,67.22493564340168
20,2,WT,dend,67.7496382408602
20,2,WT,dend,66.4203989738193
20,2,WT,dend,65.83244943112278
20,2,WT,dend,64.5762359418477
20,2,plaque,soma,4.783762031044297
20,2,plaque,soma,4.897710678507842
20,2,plaque,soma,4.0062606006623795
20,2,plaque,soma,4.151368987534937
20,2,plaque,soma,4.658326744434127
20,2,plaque,soma,5.433561629795797
20,2,plaque,soma,5.586166786214719
20,2,plaque,soma,4.71277093643635
20,2,plaque,soma,4.763503940551814
20,2,plaque,soma,4.39180040524176
20,2,plaque,soma,4.053634169305546
20,2,plaque,soma,4.306030588447044
20,2,plaque,soma,4.71028046283589
20,2,plaque,soma,3.8574655943519076
20,2,plaque,soma,5.137685573118418
20,2,plaque,soma,3.752482482424128
20,2,plaque,soma,4.946101946195434
20,2,plaque,soma,5.016738321306015
20,2,plaque,soma,4.302918557547407
20,2,plaque,soma,4.002969162926313
20,2,plaque,soma,4.853520890048301
20,2,plaque,soma,4.797326654853819
20,2,plaque,soma,4.614403724723225
20,2,plaque,soma,3.9856808449402337
20,2,plaque,soma,4.830706198478694
20,2,plaque,soma,4.066700936592106
20,2,plaque,soma,5.144400763278092
20,2,plaque,soma,4.633133527097172
20,2,plaque,soma,3.6869721365738855
20,2,plaque,soma,4.196350152133597
20,2,plaque,soma,3.531177084251624
20,2,plaque,soma,4.502528809698575
20,2,plaque,soma,4.775445818085231
20,2,plaque,soma,5.113075303289499
20,2,plaque,soma,5.6908945042413634
20,2,plaque,soma,4.515875630259437
20,2,plaque,soma,4.615453215269547
20,2,plaque,soma,4.754889346110431
20,2,plaque,soma,4.7772919495724295
20,2,plaque,soma,5.460752773798518
20,2,plaque,soma,4.169908829821189
20,2,plaque,soma,3.9531000081584295
20,2,plaque,soma,4.40605724526479
20,2,plaque,soma,4.195123672469393
20,2,plaque,soma,4.442923127865164
20,2,plaque,soma,5.324385085231754
20,2,plaque,soma,5.0501251574276935
20,2,plaque,soma,3.433383001853656
20,2,plaque,soma,4.513422553416504
20,2,plaque,soma,3.674741127261427
20,2,plaque,dend,63.45319357789389
20,2,plaque,dend,66.48292681959899
20,2,plaque,dend,66.04934846824084
20,2,plaque,dend,66.54313855605625
20,2,plaque,dend,67.57088588262292
20,2,plaque,dend,66.8955957482846
20,2,plaque,dend,67.66098165295898
20,2,plaque,dend,64.95228846197533
20,2,plaque,dend,67.1197962387905
20,2,plaque,dend,66.73022778562726
20,2,plaque,dend,66.48545960565174
20,2,plaque,dend,66.53636348427308
20,2,plaque,dend,67.64515907624536
20,2,plaque,dend,66.60781802652365
20,2,plaque,dend,66.94316109070849
20,2,plaque,dend,66.0882736386597
20,2,plaque,dend,66.02867681258262
20,2,plaque,dend,66.87347883210663
20,2,plaque,dend,63.243683685814375
20,2,plaque,dend,67.4706553816974
20,2,plaque,dend,66.9817695406821
20,2,plaque,dend,67.23722740617339
20,2,plaque,dend,67.87433808415456
20,2,plaque,dend,66.23814730727103
20,2,plaque,dend,66.69467752052707
20,2,plaque,dend,63.23013984217366
20,2,plaque,dend,68.09206046001208
20,2,plaque,dend,67.21272530541118
20,2,plaque,dend,66.33198806900991
20,2,plaque,dend,66.93481613394721
20,2,plaque,dend,65.82082908269875
20,2,plaque,dend,67.34645267085396
20,2,plaque,dend,67.147077878648
20,2,plaque,dend,67.03882385017417
20,2,plaque,dend,67.23417884224473
20,2,plaque,dend,65.2394336435365
20,2,plaque,dend,67.36709124702351
20,2,plaque,dend,66.10761449027206
20,2,plaque,dend,66.8569737381964
20,2,plaque,dend,67.00996274853838
20,2,plaque,dend,66.63022050421624
20,2,plaque,dend,64.36058142962355
20,2,plaque,dend,66.86898238018965
20,2,plaque,dend,67.08082757978079
20,2,plaque,dend,66.9251345927215
20,2,plaque,dend,66.57089979648553
20,2,plaque,dend,67.64465862932931
20,2,plaque,dend,63.87461058110304
20,2,plaque,dend,67.67193189061767
20,2,plaque,dend,66.93891394692172
20,2,SAAeq,soma,4.3928339365353395
20,2,SAAeq,soma,4.739882782549458
20,2,SAAeq,soma,4.784280686948755
20,2,SAAeq,soma,5.615826283678416
20,2,SAAeq,soma,5.2991458707409365
20,2,SAAeq,soma,4.87128963217252
20,2,SAAeq,soma,5.314634007607758
20,2,SAAeq,soma,4.042986485280899
20,2,SAAeq,soma,4.943414625714425
20,2,SAAeq,soma,4.122501306529067
20,2,SAAeq,soma,5.403098657736081
20,2,SAAeq,soma,4.746060886951895
20,2,SAAeq,soma,4.650969921180057
20,2,SAAeq,soma,5.288058897807581
20,2,SAAeq,soma,4.204046823574053
20,2,SAAeq,soma,5.133651180543588
20,2,SAAeq,soma,4.370529557900447
20,2,SAAeq,soma,3.93472531324943
20,2,SAAeq,soma,4.3407934562908395
20,2,SAAeq,soma,5.387403516705632
20,2,SAAeq,soma,3.9600931866098534
20,2,SAAeq,soma,4.484110305670171
20,2,SAAeq,soma,4.947716269247465
20,2,SAAeq,soma,4.886511920983509
20,2,SAAeq,soma,4.947134635008993
20,2,SAAeq,soma,4.654369055792117
20,2,SAAeq,soma,4.258268864691374
20,2,SAAeq,soma,4.396761983022877
20,2,SAAeq,soma,5.987288369037856
20,2,SAAeq,soma,5.501578123597639
20,2,SAAeq,soma,4.5297553706462494
20,2,SAAeq,soma,4.45886495340735
20,2,SAAeq,soma,4.386661522700614
20,2,SAAeq,soma,4.543940369287526
20,2,SAAeq,soma,4.825506171728449
20,2,SAAeq,soma,4.4148285435326216
20,2,SAAeq,soma,5.463110117224197
20,2,SAAeq,soma,4.6690599443641005
20,2,SAAeq,soma,4.2396856441173725
20,2,SAAeq,soma,4.840071060089663
20,2,SAAeq,soma,4.621106897835112
20,2,SAAeq,soma,3.8908776412235397
20,2,SAAeq,soma,5.180035368070385
20,2,SAAeq,soma,4.374839151621472
20,2,SAAeq,soma,4.387971094194434
20,2,SAAeq,soma,4.939564547335223
20,2,SAAeq,soma,4.669245695038448
20,2,SAAeq,soma,4.354467254454136
20,2,SAAeq,soma,3.797467925696047
20,2,SAAeq,soma,5.043376691548659
20,2,SAAeq,dend,67.09083356304964
20,2,SAAeq,dend,67.75059510999989
20,2,SAAeq,dend,67.14854826120985
20,2,SAAeq,dend,67.84612913857515
20,2,SAAeq,dend,67.99898706698994
20,2,SAAeq,dend,67.07271633026296
20,2,SAAeq,dend,66.29888756177625
20,2,SAAeq,dend,67.35340811783077
20,2,SAAeq,dend,65.4412346264616
20,2,SAAeq,dend,66.75708218606538
20,2,SAAeq,dend,67.24692808778178
20,2,SAAeq,dend,67.73205486381809
20,2,SAAeq,dend,67.56443097903154
20,2,SAAeq,dend,66.58440235874316
20,2,SAAeq,dend,67.2668821085605
20,2,SAAeq,dend,66.92688956427693
20,2,SAAeq,dend,66.82142726041815
20,2,SAAeq,dend,64.08766817507431
20,2,SAAeq,dend,66.2861331397808
20,2,SAAeq,dend,66.33890534006177
20,2,SAAeq,dend,65.18357284106861
20,2,SAAeq,dend,66.17135475607435
20,2,SAAeq,dend,67.29262319986793
20,2,SAAeq,dend,67.18830726847274
20,2,SAAeq,dend,64.98312564526354
20,2,SAAeq,dend,65.17178754049593
20,2,SAAeq,dend,67.94711024076048
20,2,SAAeq,dend,66.44249756798638
20,2,SAAeq,dend,67.15797132568596
20,2,SAAeq,dend,67.22800264854612
20,2,SAAeq,dend,67.62374698256377
20,2,SAAeq,dend,67.25902450652978
20,2,SAAeq,dend,68.12852228339115
20,2,SAAeq,dend,66.93358715377802
20,2,SAAeq,dend,66.70560644265963
20,2,SAAeq,dend,66.45206897725392
20,2,SAAeq,dend,67.6574471801857
20,2,SAAeq,dend,67.8690163071866
20,2,SAAeq,dend,67.42332277708392
20,2,SAAeq,dend,66.5109311678401
20,2,SAAeq,dend,66.58822392297115
20,2,SAAeq,dend,65.94085462373216
20,2,SAAeq,dend,67.88837604515628
20,2,SAAeq,dend,65.74303119278247
20,2,SAAeq,dend,67.32565420714654
20,2,SAAeq,dend,67.54403806507547
20,2,SAAeq,dend,67.81062307001025
20,2,SAAeq,dend,65.92195073901429
20,2,SAAeq,dend,67.01346250810481
20,2,SAAeq,dend,67.65620877204742
20,2,SAAred,soma,4.243569646673137
20,2,SAAred,soma,3.9220322978775215
20,2,SAAred,soma,4.5486749037276795
20,2,SAAred,soma,4.09693560300105
20,2,SAAred,soma,3.665459709387193
20,2,SAAred,soma,4.531464875687533
20,2,SAAred,soma,3.998666159914613
20,2,SAAred,soma,4.366048185499281
20,2,SAAred,soma,5.088761207468238
20,2,SAAred,soma,5.0097063115266565
20,2,SAAred,soma,3.5777734979389493
20,2,SAAred,soma,4.2446458057267265
20,2,SAAred,soma,4.428911528743356
20,2,SAAred,soma,4.022163099039766
20,2,SAAred,soma,4.282164299773811
20,2,SAAred,soma,4.792676760400326
20,2,SAAred,soma,5.070998919651544
20,2,SAAred,soma,4.190188030201533
20,2,SAAred,soma,4.019583538717946
20,2,SAAred,soma,5.454220767815286
20,2,SAAred,soma,4.699822334086093
20,2,SAAred,soma,4.8256815554640085
20,2,SAAred,soma,3.394932957900913
20,2,SAAred,soma,3.997384395612876
20,2,SAAred,soma,3.6245013569993816
20,2,SAAred,soma,5.1513553672015036
20,2,SAAred,soma,4.187495514763306
20,2,SAAred,soma,4.996324431828697
20,2,SAAred,soma,3.876228613587209
20,2,SAAred,soma,5.173886853407389
20,2,SAAred,soma,4.429532025441162
20,2,SAAred,soma,3.8389958885011453
20,2,SAAred,soma,5.5597710208177915
20,2,SAAred,soma,4.536231585783867
20,2,SAAred,soma,4.143441235707279
20,2,SAAred,soma,4.447758074823895
20,2,SAAred,soma,3.4815661719168602
20,2,SAAred,soma,4.933469407955307
20,2,SAAred,soma,3.4283260437882177
20,2,SAAred,soma,4.540828329093863
20,2,SAAred,soma,4.321846104657531
20,2,SAAred,soma,4.6850853608011676
20,2,SAAred,soma,4.727281252047206
20,2,SAAred,soma,4.461885129467767
20,2,SAAred,soma,4.405039348334341
20,2,SAAred,soma,4.809217118775507
20,2,SAAred,soma,3.739427606770171
20,2,SAAred,soma,4.246787465047511
20,2,SAAred,soma,4.002802619571824
20,2,SAAred,soma,4.501249622143355
20,2,SAAred,dend,65.98005551340397
20,2,SAAred,dend,63.72542966098737
20,2,SAAred,dend,63.88395816284742
20,2,SAAred,dend,65.81585214393546
20,2,SAAred,dend,62.91138047071446
20,2,SAAred,dend,65.6256019288177
20,2,SAAred,dend,66.65134996345805
20,2,SAAred,dend,64.59972964480303
20,2,SAAred,dend,66.50455655708993
20,2,SAAred,dend,66.87300816199586
20,2,SAAred,dend,64.3957017408387
20,2,SAAred,dend,66.51967663343551
20,2,SAAred,dend,65.35925442219144
20,2,SAAred,dend,63.05751623928108
20,2,SAAred,dend,66.1502107703147
20,2,SAAred,dend,65.44140824736444
20,2,SAAred,dend,64.54165269092836
20,2,SAAred,dend,66.00039828256013
20,2,SAAred,dend,66.28429205623947
20,2,SAAred,dend,63.204947630309135
20,2,SAAred,dend,64.73429018793352
20,2,SAAred,dend,67.8125138475711
20,2,SAAred,dend,63.21569506783347
20,2,SAAred,dend,63.820068505983976
20,2,SAAred,dend,66.35083429994947
20,2,SAAred,dend,66.70733920945284
20,2,SAAred,dend,65.29617863490998
20,2,SAAred,dend,67.32001177310302
20,2,SAAred,dend,65.54599131212689
20,2,SAAred,dend,65.25568174163928
20,2,SAAred,dend,63.50711494294024
20,2,SAAred,dend,65.39904045527308
20,2,SAAred,dend,67.34803970573915
20,2,SAAred,dend,67.8805606736094
20,2,SAAred,dend,65.26337640793535
20,2,SAAred,dend,64.69814867272581
20,2,SAAred,dend,63.92536334775161
20,2,SAAred,dend,67.38136665982981
20,2,SAAred,dend,64.51579891977194
20,2,SAAred,dend,66.30513299045612
20,2,SAAred,dend,65.90357599197202
20,2,SAAred,dend,66.58855687394741
20,2,SAAred,dend,63.62822605280138
20,2,SAAred,dend,66.9742820268017
20,2,SAAred,dend,67.03142043052478
20,2,SAAred,dend,66.26508344466609
20,2,SAAred,dend,67.34216053179502
20,2,SAAred,dend,65.76543008994217
20,2,SAAred,dend,63.62247272541209
20,2,SAAred,dend,65.49294977464893
20,3,WT,soma,4.35775449719106
20,3,WT,soma,5.083744820206974
20,3,WT,soma,4.078692410535162
20,3,WT,soma,3.939309999064669
20,3,WT,soma,4.489518783363756
20,3,WT,soma,4.368369712481119
20,3,WT,soma,4.239174589253047
20,3,WT,soma,4.778839091167342
20,3,WT,soma,5.47701663611614
20,3,WT,soma,4.618638597045212
20,3,WT,soma,5.211779275876793
20,3,WT,soma,4.8469466801404835
20,3,WT,soma,4.268436451785696
20,3,WT,soma,4.707139526014828
20,3,WT,soma,4.114650303727288
20,3,WT,soma,4.536187196985729
20,3,WT,soma,4.4089679218573465
20,3,WT,soma,4.882193843234759
20,3,WT,soma,4.808255269754831
20,3,WT,soma,5.134635161164383
20,3,WT,soma,4.09928093751347
20,3,WT,soma,4.174970574054797
20,3,WT,soma,4.481116446643604
20,3,WT,soma,4.695652779780843
20,3,WT,soma,4.017362719499964
20,3,WT,soma,4.663330842872611
20,3,WT,soma,4.282561460633296
20,3,WT,soma,5.148078626748216
20,3,WT,soma,4.591970063601501
20,3,WT,soma,4.425779750563812
20,3,WT,soma,4.018589948676464
20,3,WT,soma,4.447670591877575
20,3,WT,soma,4.261963615456828
20,3,WT,soma,5.222046907417699
20,3,WT,soma,4.155224584026044
20,3,WT,soma,5.7904326528411545
20,3,WT,soma,4.12988480525199
20,3,WT,soma,4.732919088016054
20,3,WT,soma,4.480101603022412
20,3,WT,soma,4.882249019468212
20,3,WT,soma,4.9014268691222185
20,3,WT,soma,4.916222943969522
20,3,WT,soma,4.814835623834689
20,3,WT,soma,4.6110340051527885
20,3,WT,soma,5.00040004143608
20,3,WT,soma,4.020343335577664
20,3,WT,soma,3.918877978146135
20,3,WT,soma,4.772592938335784
20,3,WT,soma,4.021702549015252
20,3,WT,soma,5.365668658452535
20,3,WT,dend,64.62407744336498
20,3,WT,dend,66.02802689038003
20,3,WT,dend,65.04320509462706
20,3,WT,dend,64.80133711527994
20,3,WT,dend,66.62372770933526
20,3,WT,dend,66.04931878171195
20,3,WT,dend,65.6196810499838
20,3,WT,dend,66.0234802416545
20,3,WT,dend,65.47935734696453
20,3,WT,dend,64.35754058273317
20,3,WT,dend,65.4877996413383
20,3,WT,dend,65.38265373161525
20,3,WT,dend,65.96213453489501
20,3,WT,dend,64.80524361904646
20,3,WT,dend,65.8160753547655
20,3,WT,dend,65.61670713311388
20,3,WT,dend,65.7781603148236
20,3,WT,dend,64.83239757228593
20,3,WT,dend,64.77950418847192
20,3,WT,dend,65.67522642487846
20,3,WT,dend,64.28524887401596
20,3,WT,dend,66.40346765172345
20,3,WT,dend,65.0505298284192
20,3,WT,dend,65.34388239013532
20,3,WT,dend,64.18881278687574
20,3,WT,dend,64.4675616180563
20,3,WT,dend,65.48563803511665
20,3,WT,dend,65.12558267961987
20,3,WT,dend,65.14515668686929
20,3,WT,dend,66.27526722532848
20,3,WT,dend,64.26263124183058
20,3,WT,dend,66.15261312073642
20,3,WT,dend,65.84706237506923
20,3,WT,dend,62.139632439233424
20,3,WT,dend,64.48275323312721
20,3,WT,dend,61.370776838007075
20,3,WT,dend,65.05653264407071
20,3,WT,dend,64.1340666472095
20,3,WT,dend,65.42267497570299
20,3,WT,dend,66.19117772441666
20,3,WT,dend,66.05282403888194
20,3,WT,dend,64.99328591842796
20,3,WT,dend,65.76743554152768
20,3,WT,dend,66.04019509014992
20,3,WT,dend,66.04595757909918
20,3,WT,dend,66.47595564896048
20,3,WT,dend,66.20851506082592
20,3,WT,dend,64.80670905499913
20,3,WT,dend,66.01740269535813
20,3,WT,dend,64.54289219761488
20,3,plaque,soma,5.002131148550411
20,3,plaque,soma,4.23284749887906
20,3,plaque,soma,4.420897921276293
20,3,plaque,soma,4.465013951424318
20,3,plaque,soma,3.890763092919201
20,3,plaque,soma,4.876547065999354
20,3,plaque,soma,4.444560247356854
20,3,plaque,soma,4.310557773454214
20,3,plaque,soma,4.263281593482191
20,3,plaque,soma,3.638394284045411
20,3,plaque,soma,4.464177204184466
20,3,plaque,soma,4.403974520071273
20,3,plaque,soma,4.740226443775562
20,3,plaque,soma,4.173503760564401
20,3,plaque,soma,4.826093954476633
20,3,plaque,soma,5.202394674730385
20,3,plaque,soma,5.034709863049315
20,3,plaque,soma,4.885172083543992
20,3,plaque,soma,4.572619274738166
20,3,plaque,soma,4.5777613859079125
20,3,plaque,soma,4.667934145535924
20,3,plaque,soma,5.477004072604025
20,3,plaque,soma,4.081255181320643
20,3,plaque,soma,5.116486589861992
20,3,plaque,soma,4.826668763106504
20,3,plaque,soma,3.9082476081936264
20,3,plaque,soma,3.93590707161043
20,3,plaque,soma,4.816501907619781
20,3,plaque,soma,4.572618908511188
20,3,plaque,soma,4.035645036111482
20,3,plaque,soma,5.381986292436274
20,3,plaque,soma,4.456150875728916
20,3,plaque,soma,4.7642255969562015
20,3,plaque,soma,4.959298592762799
20,3,plaque,soma,3.9202877405859056
20,3,plaque,soma,4.631609203651543
20,3,plaque,soma,4.376321176447483
20,3,plaque,soma,5.027965315984233
20,3,plaque,soma,4.694694913956219
20,3,plaque,soma,4.606511992333132
20,3,plaque,soma,5.076964614112313
20,3,plaque,soma,4.648965351293732
20,3,plaque,soma,4.288325134555691
20,3,plaque,soma,4.68001102903154
20,3,plaque,soma,4.507588822056647
20,3,plaque,soma,4.242510077350055
20,3,plaque,soma,4.510529867576857
20,3,plaque,soma,4.84797977739678
20,3,plaque,soma,4.280213754525903
20,3,plaque,soma,4.402618868536081
20,3,plaque,dend,66.02773555302561
20,3,plaque,dend,65.04261441389002
20,3,plaque,dend,66.38115005166705
20,3,plaque,dend,66.37262515107591
20,3,plaque,dend,64.26507849284161
20,3,plaque,dend,66.38044969401146
20,3,plaque,dend,66.42813515076458
20,3,plaque,dend,65.50099176274314
20,3,plaque,dend,66.13504079156674
20,3,plaque,dend,65.77169238141462
20,3,plaque,dend,66.69134638992291
20,3,plaque,dend,66.0669120363649
20,3,plaque,dend,63.97274358669398
20,3,plaque,dend,66.14424120404752
20,3,plaque,dend,65.09248376859307
20,3,plaque,dend,66.46853005536245
20,3,plaque,dend,64.85113723246704
20,3,plaque,dend,66.16979625319297
20,3,plaque,dend,65.7882708253392
20,3,plaque,dend,66.46243694527583
20,3,plaque,dend,66.60645126993508
20,3,plaque,dend,65.48877316401123
20,3,plaque,dend,65.059576673014
20,3,plaque,dend,64.41945307476821
20,3,plaque,dend,66.87915273716277
20,3,plaque,dend,64.7204600955791
20,3,plaque,dend,65.873665249582
20,3,plaque,dend,65.69380615519562
20,3,plaque,dend,65.78380652061784
20,3,plaque,dend,65.06817044537026
20,3,plaque,dend,65.19342066611608
20,3,plaque,dend,66.35921580614063
20,3,plaque,dend,65.41193352579083
20,3,plaque,dend,66.41048009108019
20,3,plaque,dend,65.4067830295936
20,3,plaque,dend,65.44287385666861
20,3,plaque,dend,65.25431256606147
20,3,plaque,dend,65.54139646097926
20,3,plaque,dend,65.43780795406117
20,3,plaque,dend,64.9451990952651
20,3,plaque,dend,64.6417141382322
20,3,plaque,dend,66.12130835365637
20,3,plaque,dend,66.25580637815523
20,3,plaque,dend,66.69825035589874
20,3,plaque,dend,63.73245310737783
20,3,plaque,dend,65.35949168203479
20,3,plaque,dend,65.61675675196084
20,3,plaque,dend,64.68891131671094
20,3,plaque,dend,66.30540276805405
20,3,plaque,dend,66.33303838666413
20,3,SAAeq,soma,4.771601342525486
20,3,SAAeq,soma,5.129041764429033
20,3,SAAeq,soma,4.551332925960459
20,3,SAAeq,soma,5.226878650476124
20,3,SAAeq,soma,4.460573075355477
20,3,SAAeq,soma,4.802112721308944
20,3,SAAeq,soma,5.640074871025746
20,3,SAAeq,soma,5.328319868558758
20,3,SAAeq,soma,5.104633366262647
20,3,SAAeq,soma,4.533170279209401
20,3,SAAeq,soma,4.90388233673675
20,3,SAAeq,soma,3.976819879011373
20,3,SAAeq,soma,5.827166152110962
20,3,SAAeq,soma,4.634103845990268
20,3,SAAeq,soma,4.0059016203194275
20,3,SAAeq,soma,4.14550987850933
20,3,SAAeq,soma,4.119293980779432
20,3,SAAeq,soma,4.4216575394699404
20,3,SAAeq,soma,4.296447845223142
20,3,SAAeq,soma,5.696650659205254
20,3,SAAeq,soma,4.388084608649557
20,3,SAAeq,soma,5.03414422976153
20,3,SAAeq,soma,6.065734477111555
20,3,SAAeq,soma,5.041975807945917
20,3,SAAeq,soma,4.576245785673798
20,3,SAAeq,soma,4.676894421173486
20,3,SAAeq,soma,4.046987328088711
20,3,SAAeq,soma,4.35268831128937
20,3,SAAeq,soma,4.43444767586805
20,3,SAAeq,soma,4.665534490989785
20,3,SAAeq,soma,4.906722721159888
20,3,SAAeq,soma,5.20685479373477
20,3,SAAeq,soma,4.423677792017273
20,3,SAAeq,soma,4.762582418258354
20,3,SAAeq,soma,4.973619075935119
20,3,SAAeq,soma,4.130447052771842
20,3,SAAeq,soma,5.132085645285493
20,3,SAAeq,soma,5.517790944134141
20,3,SAAeq,soma,4.14483318645587
20,3,SAAeq,soma,4.260862552226044
20,3,SAAeq,soma,3.970979411527658
20,3,SAAeq,soma,4.8278626639194755
20,3,SAAeq,soma,4.734029391940602
20,3,SAAeq,soma,5.183018149191575
20,3,SAAeq,soma,4.1170777363232745
20,3,SAAeq,soma,5.253211659793379
20,3,SAAeq,soma,5.167641263641549
20,3,SAAeq,soma,4.744307822877488
20,3,SAAeq,soma,4.319066658442416
20,3,SAAeq,soma,5.160689936870078
20,3,SAAeq,dend,66.44330726580426
20,3,SAAeq,dend,64.30625399277186
20,3,SAAeq,dend,66.87144614806184
20,3,SAAeq,dend,66.65208004846835
20,3,SAAeq,dend,67.15212977117139
20,3,SAAeq,dend,66.54947199817767
20,3,SAAeq,dend,65.38524226093205
20,3,SAAeq,dend,66.00968296800383
20,3,SAAeq,dend,67.25735750675284
20,3,SAAeq,dend,65.17953430369953
20,3,SAAeq,dend,66.42327706282244
20,3,SAAeq,dend,65.99683556078239
20,3,SAAeq,dend,67.43925393602895
20,3,SAAeq,dend,66.29612850636464
20,3,SAAeq,dend,66.37159478412077
20,3,SAAeq,dend,66.71353641115657
20,3,SAAeq,dend,66.0313325860843
20,3,SAAeq,dend,66.62790814005726
20,3,SAAeq,dend,65.16027382138564
20,3,SAAeq,dend,66.66383514183195
20,3,SAAeq,dend,67.10998826680753
20,3,SAAeq,dend,67.02006458306401
20,3,SAAeq,dend,67.56460693902783
20,3,SAAeq,dend,66.8432623028421
20,3,SAAeq,dend,66.86675101875896
20,3,SAAeq,dend,66.71002746382545
20,3,SAAeq,dend,66.12994348713421
20,3,SAAeq,dend,66.46818582159814
20,3,SAAeq,dend,66.51426983550789
20,3,SAAeq,dend,67.34967099083354
20,3,SAAeq,dend,67.25899023815018
20,3,SAAeq,dend,64.30222883142777
20,3,SAAeq,dend,66.49479756195575
20,3,SAAeq,dend,66.86753897541506
20,3,SAAeq,dend,65.5552649173111
20,3,SAAeq,dend,66.08731268214852
20,3,SAAeq,dend,64.98582762599808
20,3,SAAeq,dend,67.29971996291088
20,3,SAAeq,dend,65.20220372556226
20,3,SAAeq,dend,66.71748854086766
20,3,SAAeq,dend,65.08205126193441
20,3,SAAeq,dend,67.11139672613227
20,3,SAAeq,dend,67.21836611889616
20,3,SAAeq,dend,66.51545380225994
20,3,SAAeq,dend,67.23112982657705
20,3,SAAeq,dend,67.26866496996813
20,3,SAAeq,dend,67.28307641437986
20,3,SAAeq,dend,66.81926386115983
20,3,SAAeq,dend,66.5708513864917
20,3,SAAeq,dend,66.52444317837228
20,3,SAAred,soma,4.964529091349462
20,3,SAAred,soma,4.235591989173479
20,3,SAAred,soma,4.615045930700916
20,3,SAAred,soma,5.048387244363369
20,3,SAAred,soma,4.877123919379791
20,3,SAAred,soma,3.7080421441327474
20,3,SAAred,soma,5.380158842656677
20,3,SAAred,soma,4.32041876646295
20,3,SAAred,soma,3.896066980287479
20,3,SAAred,soma,3.320675609374618
20,3,SAAred,soma,3.798882239723227
20,3,SAAred,soma,5.136817146119057
20,3,SAAred,soma,3.3201763325734888
20,3,SAAred,soma,4.6822950113609
20,3,SAAred,soma,4.77889023488499
20,3,SAAred,soma,3.87033713710872
20,3,SAAred,soma,3.3555780407478366
20,3,SAAred,soma,4.804733011899955
20,3,SAAred,soma,3.8848854226077734
20,3,SAAred,soma,4.284969228307062
20,3,SAAred,soma,4.629209717625777
20,3,SAAred,soma,4.5445625958896585
20,3,SAAred,soma,5.095915282294158
20,3,SAAred,soma,4.355902934603272
20,3,SAAred,soma,3.843077737228157
20,3,SAAred,soma,4.312949350452527
20,3,SAAred,soma,4.695788887850561
20,3,SAAred,soma,3.6766269510552547
20,3,SAAred,soma,4.249316928644532
20,3,SAAred,soma,4.7952863098869685
20,3,SAAred,soma,3.9665629342975777
20,3,SAAred,soma,4.651354470809267
20,3,SAAred,soma,4.881637870329591
20,3,SAAred,soma,4.4181821320304095
20,3,SAAred,soma,4.178893884414748
20,3,SAAred,soma,4.091219660727084
20,3,SAAred,soma,4.2335787344209095
20,3,SAAred,soma,4.101496347103804
20,3,SAAred,soma,5.907725492569753
20,3,SAAred,soma,3.8858555289012813
20,3,SAAred,soma,4.267324068491007
20,3,SAAred,soma,4.714875220843261
20,3,SAAred,soma,4.682466876252839
20,3,SAAred,soma,4.622428168377681
20,3,SAAred,soma,4.858688176871745
20,3,SAAred,soma,4.520708165074296
20,3,SAAred,soma,3.6019762394271027
20,3,SAAred,soma,3.41551527256226
20,3,SAAred,soma,4.190698400104623
20,3,SAAred,soma,5.642057584428244
20,3,SAAred,dend,66.03482468229998
20,3,SAAred,dend,66.35922244798901
20,3,SAAred,dend,65.77110592980391
20,3,SAAred,dend,63.75767873090442
20,3,SAAred,dend,66.66315097585088
20,3,SAAred,dend,65.17221575463832
20,3,SAAred,dend,62.90616338345294
20,3,SAAred,dend,66.10004872394256
20,3,SAAred,dend,64.4049267601019
20,3,SAAred,dend,60.65977512304556
20,3,SAAred,dend,63.62329172900738
20,3,SAAred,dend,66.11624967283903
20,3,SAAred,dend,61.75320780222225
20,3,SAAred,dend,63.349687647707455
20,3,SAAred,dend,66.2789032603248
20,3,SAAred,dend,65.90383635287577
20,3,SAAred,dend,64.71862927773948
20,3,SAAred,dend,66.20459042756936
20,3,SAAred,dend,65.89670102750105
20,3,SAAred,dend,65.89593379103158
20,3,SAAred,dend,65.02839680086693
20,3,SAAred,dend,64.62673737318676
20,3,SAAred,dend,64.37371993542367
20,3,SAAred,dend,65.60196773757939
20,3,SAAred,dend,64.53810457806968
20,3,SAAred,dend,66.31116649653526
20,3,SAAred,dend,64.19404816741982
20,3,SAAred,dend,64.06914558979815
20,3,SAAred,dend,65.37104418803793
20,3,SAAred,dend,66.20739669457917
20,3,SAAred,dend,64.92223342425778
20,3,SAAred,dend,65.52725996437356
20,3,SAAred,dend,65.87027548945969
20,3,SAAred,dend,62.83912000112393
20,3,SAAred,dend,65.58487650078345
20,3,SAAred,dend,65.84792159658195
20,3,SAAred,dend,65.54655988722614
20,3,SAAred,dend,65.31001740782624
20,3,SAAred,dend,62.762150042085025
20,3,SAAred,dend,65.0596964681128
20,3,SAAred,dend,66.04781239036122
20,3,SAAred,dend,64.82851086205964
20,3,SAAred,dend,64.76503436290143
20,3,SAAred,dend,64.11403582232555
20,3,SAAred,dend,65.20246441444348
20,3,SAAred,dend,65.15531089907074
20,3,SAAred,dend,62.502368380444125
20,3,SAAred,dend,63.384524261226844
20,3,SAAred,dend,64.96508369255815
20,3,SAAred,dend,65.88632207249718
